draws,mean,se,p2_5,p97_5,share_gt_0
2000,0.06237791459058817,0.008117975361862229,0.04688195825517321,0.07819208143270633,1.0
